threshold_db,method_id,method_family,score_threshold,true_track_retention,false_track_reduction,precision_after,utility,utility_recall_weighted,utility_precision_weighted,rank_utility,rank_recall_weighted,rank_precision_weighted
-5.0,stage12_mlp_dae_track_calibrated,sequence_autoencoder,0.5,0.9874077717658633,1.0,1.0,0.9937038858829317,0.9911854402361042,0.9962223315297589,1.0,2.0,1.0
-5.0,stage12_mlp_dae_track_calibrated,sequence_autoencoder,0.4,0.9914904082636498,0.9939024390243902,0.9999503919039587,0.99269642364402,0.9922140174918719,0.9931788297961681,2.0,1.0,3.0
-5.0,stage12_mlp_dae_track_calibrated,sequence_autoencoder,0.6,0.9810132808657157,1.0,1.0,0.9905066404328579,0.9867092966060009,0.9943039842597147,3.0,5.0,2.0
-5.0,stage12_mlp_dae_track_calibrated,sequence_autoencoder,0.3,0.9939498278406296,0.9817073170731707,0.9998515586343394,0.9878285724569001,0.9902770746103919,0.9853800703034084,4.0,3.0,10.0
-5.0,stage13_vae_elbo,vae_prior,0.6,0.9751598622725037,1.0,1.0,0.9875799311362519,0.9826119035907526,0.992547958681751,5.0,14.0,4.0
-5.0,stage13_vae_reconstruction,vae_prior,0.6,0.9748155435317265,1.0,1.0,0.9874077717658633,0.9823708804722084,0.9924446630595178,6.0,18.0,5.0
-5.0,stage12_mlp_dae_track_calibrated,sequence_autoencoder,0.7,0.9685686178061977,1.0,1.0,0.9842843089030988,0.9779980324643385,0.9905705853418593,7.0,25.0,6.0
-5.0,stage12_gru_ae_track_calibrated,sequence_autoencoder,0.5,0.9851451057550418,0.9817073170731707,0.9998502321401828,0.9834262114141062,0.9841137691504804,0.982738653677732,8.0,10.0,12.0
-5.0,stage12_gru_ae_track_calibrated,sequence_autoencoder,0.6,0.9777176586325628,0.9878048780487805,0.9998993913174707,0.9827612683406717,0.980743824457428,0.9847787122239151,9.0,21.0,11.0
-5.0,stage12_mlp_dae_track_calibrated,sequence_autoencoder,0.2,0.9954746679783572,0.9695121951219512,0.9997530010373956,0.9824934315501541,0.9876859261214352,0.977300936978873,10.0,4.0,19.0
-5.0,stage13_vae_reconstruction,vae_prior,0.5,0.9830300049188392,0.9817073170731707,0.9998499099459676,0.982368660996005,0.9826331985651386,0.9821041234268713,11.0,13.0,13.0
-5.0,stage13_vae_elbo,vae_prior,0.5,0.9829808165272995,0.9817073170731707,0.9998499024365838,0.9823440668002351,0.9825987666910607,0.9820893669094093,12.0,15.0,14.0
-5.0,stage13_vae_elbo,vae_prior,0.4,0.9887850467289719,0.975609756097561,0.9998010544116184,0.9821974014132664,0.9848324595395486,0.9795623432869842,13.0,7.0,16.0
-5.0,stage13_vae_reconstruction,vae_prior,0.4,0.9886374815543532,0.975609756097561,0.9998010247226782,0.982123618825957,0.9847291639173155,0.9795180737345985,14.0,9.0,17.0
-5.0,stage12_gru_ae_track_calibrated,sequence_autoencoder,0.7,0.9627151992129858,1.0,1.0,0.9813575996064929,0.9739006394490899,0.9888145597638957,15.0,26.0,7.0
-5.0,stage12_gru_ae_track_calibrated,sequence_autoencoder,0.3,0.9921790457452041,0.9695121951219512,0.9997521808088818,0.9808456204335776,0.9853789905582282,0.976312250308927,16.0,6.0,20.0
-5.0,stage12_gru_ae_track_calibrated,sequence_autoencoder,0.4,0.989522872602066,0.9695121951219512,0.9997515157539012,0.9795175338620086,0.9835196693580315,0.9755153983659856,17.0,11.0,21.0
-5.0,stage13_vae_elbo,vae_prior,0.7,0.9574520413182489,1.0,1.0,0.9787260206591244,0.9702164289227742,0.9872356123954746,18.0,27.0,8.0
-5.0,stage13_vae_reconstruction,vae_prior,0.7,0.9572060993605509,1.0,1.0,0.9786030496802754,0.9700442695523857,0.9871618298081652,19.0,28.0,9.0
-5.0,stage13_vae_reconstruction,vae_prior,0.3,0.9916379734382685,0.9634146341463414,0.999702469503124,0.977526303792305,0.9831709716506905,0.9718816359339195,20.0,12.0,25.0
-5.0,stage12_mlp_dae_track_calibrated,sequence_autoencoder,0.1,0.9965076242006886,0.9573170731707317,0.9996545939011152,0.9769123486857101,0.9847504588917015,0.9690742384797186,21.0,8.0,27.0
-5.0,stage13_vae_elbo,vae_prior,0.2,0.9933595671421545,0.9573170731707317,0.9996534996534997,0.9753383201564431,0.9825468189507276,0.9681298213621585,22.0,16.0,29.0
-5.0,stage13_vae_reconstruction,vae_prior,0.2,0.9932120019675357,0.9573170731707317,0.9996534481905045,0.9752645375691337,0.9824435233284945,0.9680855518097728,23.0,17.0,30.0
-5.0,stage13_vae_elbo,vae_prior,0.3,0.9918839153959665,0.9573170731707317,0.9996529843347214,0.974600494283349,0.9815138627283961,0.9676871258383021,24.0,19.0,31.0
-5.0,stage12_gru_ae_track_calibrated,sequence_autoencoder,0.2,0.9942449581898672,0.9512195121951219,0.9996043716927946,0.9727322351924945,0.9813373243914436,0.9641271459935454,25.0,20.0,32.0
-5.0,stage13_vae_elbo,vae_prior,0.1,0.9950319724545007,0.9451219512195121,0.9995552920249037,0.9700769618370064,0.980058966084004,0.9600949575900086,26.0,22.0,34.0
-5.0,stage13_vae_reconstruction,vae_prior,0.1,0.9948352188883424,0.9451219512195121,0.9995552041118909,0.9699785850539273,0.9799212385876932,0.9600359315201612,27.0,23.0,35.0
-5.0,stage12_mlp_dae_track_calibrated,sequence_autoencoder,0.8,0.9398917855386129,1.0,1.0,0.9699458927693064,0.9579242498770288,0.9819675356615838,28.0,32.0,15.0
-5.0,stage12_gru_ae_track_calibrated,sequence_autoencoder,0.1,0.9955238563698967,0.9390243902439024,0.9995061484517754,0.9672741233068995,0.9785740165320984,0.9559742300817007,29.0,24.0,36.0
-5.0,stage12_tcn_ae_track_calibrated,sequence_autoencoder,0.4,0.9585833743236596,0.975609756097561,0.9997947876051714,0.9670965652106103,0.96369128885583,0.9705018415653905,30.0,29.0,26.0
-5.0,stage12_tcn_ae_track_calibrated,sequence_autoencoder,0.5,0.9451057550418102,0.9878048780487805,0.9998959200666112,0.9664553165452954,0.9579154919439012,0.9749951411466893,31.0,33.0,22.0
-5.0,stage12_gru_ae_track_calibrated,sequence_autoencoder,0.8,0.924643384161338,1.0,1.0,0.962321692080669,0.9472503689129366,0.9773930152484014,32.0,35.0,18.0
-5.0,stage13_vae_reconstruction,vae_prior,0.8,0.9128873585833743,1.0,1.0,0.9564436792916872,0.9390211510083619,0.9738662075750122,33.0,37.0,23.0
-5.0,stage13_vae_elbo,vae_prior,0.8,0.9122479094933595,1.0,1.0,0.9561239547466798,0.9385735366453516,0.9736743728480077,34.0,38.0,24.0
-5.0,stage12_tcn_ae_track_calibrated,sequence_autoencoder,0.6,0.9243482538121004,0.9878048780487805,0.9998935830584229,0.9560765659304404,0.9433852410831043,0.9687678907777764,35.0,36.0,28.0
-5.0,stage12_tcn_ae_track_calibrated,sequence_autoencoder,0.3,0.9672405312346286,0.9390243902439024,0.9994917149537461,0.9531324607392655,0.9587756889374106,0.9474892325411202,36.0,31.0,38.0
-5.0,stage12_tcn_ae_track_calibrated,sequence_autoencoder,0.2,0.973290703393999,0.926829268292683,0.9993939087832718,0.950059985843341,0.9593522728636041,0.9407676988230778,37.0,30.0,39.0
-5.0,stage12_tcn_ae_track_calibrated,sequence_autoencoder,0.7,0.8839645843580914,0.9939024390243902,0.9999443578900512,0.9389335116912408,0.916945940757981,0.9609210826245005,38.0,42.0,33.0
-5.0,stage12_tcn_ae_track_calibrated,sequence_autoencoder,0.1,0.978898180029513,0.8841463414634146,0.9990461847389558,0.9315222607464638,0.9504726284596835,0.9125718930332442,39.0,34.0,48.0
-5.0,stage09_hand_physics,hand_physics,0.6,0.9179613935969868,0.9182144020853699,0.9789949370266539,0.9180878978411784,0.9180372961435017,0.9181384995388548,40.0,40.0,46.0
-5.0,stage12_mlp_dae_track_calibrated,sequence_autoencoder,0.9,0.8342843089030989,1.0,1.0,0.9171421544515495,0.8839990162321691,0.9502852926709295,41.0,43.0,37.0
-5.0,stage09_hand_physics,hand_physics,0.7,0.8355304456999372,0.97702834799609,0.9934225871157345,0.9062793968480136,0.877979816388783,0.934578977307244,42.0,44.0,41.0
-5.0,stage11_adsb_marginal,adsb_marginal_prior,0.7,0.9548807281858129,0.8413163897034865,0.9615202275600506,0.8980985589446497,0.9208114266411149,0.8753856912481844,43.0,39.0,50.0
-5.0,stage12_tcn_ae_track_calibrated,sequence_autoencoder,0.8,0.7861288735858337,1.0,1.0,0.8930644367929168,0.8502902115100837,0.9358386620757501,44.0,46.0,40.0
-5.0,stage11_adsb_marginal,adsb_marginal_prior,0.8,0.7770323289391086,0.9962528510915608,0.9988400242081904,0.8866425900153347,0.8427984855848443,0.9304866944458251,45.0,47.0,42.0
-5.0,stage09_hand_physics,hand_physics,0.5,0.9734777150031387,0.7878787878787878,0.9501416864517117,0.8806782514409632,0.9177980368658334,0.8435584660160931,46.0,41.0,52.0
-5.0,stage12_gru_ae_track_calibrated,sequence_autoencoder,0.9,0.7529758976881455,1.0,1.0,0.8764879488440728,0.8270831283817017,0.9258927693064436,47.0,48.0,43.0
-5.0,stage09_hand_physics,hand_physics,0.8,0.7432124921531701,0.9977191267513849,0.999261486522129,0.8704658094522775,0.8195644825326345,0.9213671363719205,48.0,49.0,44.0
-5.0,stage13_vae_reconstruction,vae_prior,0.9,0.7286768322675848,1.0,1.0,0.8643384161337924,0.8100737825873094,0.9186030496802754,49.0,50.0,45.0
-5.0,stage13_vae_elbo,vae_prior,0.9,0.7270536153467781,1.0,1.0,0.8635268076733891,0.8089375307427447,0.9181160846040334,50.0,51.0,47.0
-5.0,stage09_hand_physics,hand_physics,0.9,0.6596045197740112,1.0,1.0,0.8298022598870056,0.7617231638418078,0.8978813559322033,51.0,54.0,49.0
-5.0,stage12_tcn_ae_track_calibrated,sequence_autoencoder,0.9,0.5721101819970487,1.0,1.0,0.7860550909985243,0.700477127397934,0.8716330545991146,52.0,57.0,51.0
-5.0,stage09_hand_physics,hand_physics,0.4,0.9985091023226617,0.5469208211143695,0.9014912684637455,0.7727149617185156,0.8630326179601739,0.6823973054768571,53.0,45.0,57.0
-5.0,stage11_adsb_marginal,adsb_marginal_prior,0.6,0.9985091023226617,0.297979797979798,0.855203467858463,0.6482444501512299,0.7883503110198025,0.5081385892826571,54.0,52.0,58.0
-5.0,stage09_hand_physics,hand_physics,0.3,0.9999215317011927,0.287227109807755,0.8534878269314491,0.6435743207544738,0.7861132051331613,0.5010354363757863,55.0,53.0,59.0
-5.0,stage12_mlp_dae_clean_truth,sequence_autoencoder,0.5,0.11042793900639448,1.0,1.0,0.5552139695031972,0.3772995573044761,0.7331283817019183,56.0,64.0,53.0
-5.0,stage12_gru_ae_clean_truth,sequence_autoencoder,0.5,0.07865223807181505,1.0,1.0,0.5393261190359075,0.3550565666502705,0.7235956714215445,57.0,65.0,54.0
-5.0,stage09_hand_physics,hand_physics,0.2,1.0,0.024926686217008776,0.8098370031455533,0.5124633431085044,0.7074780058651026,0.31744868035190615,58.0,55.0,60.0
-5.0,stage11_adsb_marginal,adsb_marginal_prior,0.9,0.020362523540489643,1.0,1.0,0.5101812617702448,0.31425376647834274,0.7061087570621468,59.0,66.0,55.0
-5.0,stage11_adsb_marginal,adsb_marginal_prior,0.5,1.0,0.006516780710329129,0.8069397834483631,0.5032583903551646,0.7019550342130987,0.3045617464972304,60.0,56.0,61.0
-5.0,stage09_hand_physics,hand_physics,0.1,1.0,0.0014662756598240456,0.8061485909479078,0.500733137829912,0.7004398826979472,0.30102639296187683,61.0,58.0,62.0
-5.0,kalman_only,kalman_only,,1.0,0.0,0.8063302346170872,0.5,0.7,0.3,62.0,59.0,63.0
-5.0,stage11_adsb_marginal,adsb_marginal_prior,0.1,1.0,0.0,0.8059191804211725,0.5,0.7,0.3,62.0,59.0,63.0
-5.0,stage11_adsb_marginal,adsb_marginal_prior,0.2,1.0,0.0,0.8059191804211725,0.5,0.7,0.3,62.0,59.0,63.0
-5.0,stage11_adsb_marginal,adsb_marginal_prior,0.3,1.0,0.0,0.8059191804211725,0.5,0.7,0.3,62.0,59.0,63.0
-5.0,stage11_adsb_marginal,adsb_marginal_prior,0.4,1.0,0.0,0.8059191804211725,0.5,0.7,0.3,62.0,59.0,63.0
-5.0,stage12_tcn_ae_clean_truth,sequence_autoencoder,0.5,0.0,1.0,,0.5,0.3,0.7,62.0,67.0,56.0
0.0,stage12_mlp_dae_track_calibrated,sequence_autoencoder,0.2,0.9940661338948175,0.9375,0.999951862905555,0.9657830669474088,0.9770962937263722,0.9544698401684453,1.0,1.0,1.0
0.0,stage12_mlp_dae_track_calibrated,sequence_autoencoder,0.3,0.9910992008422261,0.9375,0.9999517188103515,0.9642996004211131,0.9750194405895583,0.9535797602526679,2.0,2.0,2.0
0.0,stage12_gru_ae_track_calibrated,sequence_autoencoder,0.3,0.9900942719050582,0.9375,0.9999516698081291,0.963797135952529,0.9743159903335407,0.9532782815715175,3.0,3.0,3.0
0.0,stage12_mlp_dae_track_calibrated,sequence_autoencoder,0.4,0.9869837775757285,0.9375,0.9999515175021817,0.9622418887878643,0.9721386443030099,0.9523451332727185,4.0,4.0,4.0
0.0,stage12_gru_ae_track_calibrated,sequence_autoencoder,0.4,0.9862181174331244,0.9375,0.9999514798641436,0.9618590587165622,0.971602682203187,0.9521154352299372,5.0,5.0,5.0
0.0,stage13_vae_elbo,vae_prior,0.4,0.9845432358711776,0.9375,0.999951397326853,0.9610216179355888,0.9704302651098243,0.9516129707613532,6.0,6.0,6.0
0.0,stage13_vae_reconstruction,vae_prior,0.4,0.9842561133177011,0.9375,0.9999513831493996,0.9608780566588506,0.9702292793223908,0.9515268339953104,7.0,7.0,7.0
0.0,stage12_mlp_dae_track_calibrated,sequence_autoencoder,0.5,0.9812891802651098,0.9375,0.9999512361632613,0.9593945901325549,0.9681524261855768,0.9506367540795329,8.0,8.0,8.0
0.0,stage12_gru_ae_track_calibrated,sequence_autoencoder,0.5,0.980236397569029,0.9375,0.9999511837930193,0.9588681987845145,0.9674154782983203,0.9503209192707087,9.0,9.0,9.0
0.0,stage13_vae_elbo,vae_prior,0.5,0.9768387806862229,0.9375,0.9999510140099931,0.9571693903431114,0.965037146480356,0.9493016342058669,10.0,10.0,10.0
0.0,stage13_vae_reconstruction,vae_prior,0.5,0.976216681820357,0.9375,0.9999509827949611,0.9568583409101785,0.9646016772742498,0.9491150045461071,11.0,11.0,11.0
0.0,stage12_mlp_dae_track_calibrated,sequence_autoencoder,0.6,0.9700914006795234,0.9375,0.9999506733093276,0.9537957003397617,0.9603139804756663,0.947277420203857,12.0,12.0,12.0
0.0,stage12_gru_ae_track_calibrated,sequence_autoencoder,0.6,0.9678901277695363,0.9375,0.9999505611311613,0.9526950638847682,0.9587730894386753,0.9466170383308609,13.0,14.0,13.0
0.0,stage13_vae_elbo,vae_prior,0.6,0.9627219218069579,0.9375,0.999950295740345,0.950110960903479,0.9551553452648706,0.9450665765420874,14.0,20.0,14.0
0.0,stage13_vae_reconstruction,vae_prior,0.6,0.9626262142891324,0.9375,0.9999502907988269,0.9500631071445662,0.9550883500023927,0.9450378642867396,15.0,21.0,15.0
0.0,stage12_mlp_dae_track_calibrated,sequence_autoencoder,0.7,0.9487486242044313,0.9375,0.9999495637262319,0.9431243121022157,0.9453740369431018,0.9408745872613293,16.0,22.0,16.0
0.0,stage12_gru_ae_track_calibrated,sequence_autoencoder,0.7,0.944776762214672,0.9375,0.9999493517017828,0.9411383811073359,0.9425937335502703,0.9396830286644016,17.0,23.0,17.0
0.0,stage13_vae_elbo,vae_prior,0.7,0.936115231851462,0.9375,0.9999488830956397,0.936807615925731,0.9365306622960233,0.9370845695554386,18.0,26.0,18.0
0.0,stage13_vae_reconstruction,vae_prior,0.7,0.9356845480212471,0.9375,0.9999488595683748,0.9365922740106236,0.936229183614873,0.9369553644063742,19.0,27.0,19.0
0.0,stage12_mlp_dae_track_calibrated,sequence_autoencoder,0.1,0.9955496004211131,0.875,0.9999038738825339,0.9352748002105565,0.9593847202947792,0.9111648801263339,20.0,13.0,25.0
0.0,stage12_gru_ae_track_calibrated,sequence_autoencoder,0.2,0.9926305211274346,0.875,0.9999035912268016,0.9338152605637173,0.9573413647892042,0.9102891563382303,21.0,15.0,26.0
0.0,stage13_vae_elbo,vae_prior,0.2,0.9924391060917835,0.875,0.9999035726339135,0.9337195530458917,0.9572073742642484,0.910231731827535,22.0,16.0,27.0
0.0,stage13_vae_reconstruction,vae_prior,0.2,0.9922955448150452,0.875,0.9999035586845405,0.9336477724075226,0.9571068813705317,0.9101886634445135,23.0,17.0,28.0
0.0,stage13_vae_elbo,vae_prior,0.3,0.9895678805570177,0.875,0.9999032928775204,0.9322839402785088,0.9551975163899125,0.9093703641671053,24.0,18.0,30.0
0.0,stage13_vae_reconstruction,vae_prior,0.3,0.989520026798105,0.875,0.9999032882011606,0.9322600133990525,0.9551640187586734,0.9093560080394314,25.0,19.0,31.0
0.0,stage12_mlp_dae_track_calibrated,sequence_autoencoder,0.8,0.9006077427381921,0.9375,0.9999468678603687,0.9190538713690961,0.9116754199167344,0.9264323228214576,26.0,30.0,20.0
0.0,stage12_tcn_ae_track_calibrated,sequence_autoencoder,0.6,0.8960616356414797,0.9375,0.9999465983125067,0.9167808178207398,0.9084931449490358,0.9250684906924439,27.0,32.0,21.0
0.0,stage12_gru_ae_track_calibrated,sequence_autoencoder,0.8,0.8902713308130353,0.9375,0.9999462510077936,0.9138856654065177,0.9044399315691247,0.9233313992439106,28.0,34.0,22.0
0.0,stage12_tcn_ae_track_calibrated,sequence_autoencoder,0.4,0.9480308178207398,0.875,0.9998990561752384,0.9115154089103699,0.9261215724745178,0.8969092453462219,29.0,28.0,34.0
0.0,stage13_vae_reconstruction,vae_prior,0.8,0.8726611475331387,0.9375,0.9999451664199156,0.9050805737665694,0.8921128032731971,0.9180483442599416,30.0,36.0,23.0
0.0,stage13_vae_elbo,vae_prior,0.8,0.8708905584533665,0.9375,0.9999450549450549,0.9041952792266832,0.8908733909173565,0.9175171675360099,31.0,37.0,24.0
0.0,stage13_vae_elbo,vae_prior,0.1,0.9943054026893813,0.8125,0.999855637361051,0.9034027013446906,0.9397637818825669,0.8670416208068144,32.0,24.0,43.0
0.0,stage12_gru_ae_track_calibrated,sequence_autoencoder,0.1,0.994161841412643,0.8125,0.9998556165174703,0.9033309207063215,0.9396632889888501,0.8669985524237929,33.0,25.0,44.0
0.0,stage12_tcn_ae_track_calibrated,sequence_autoencoder,0.5,0.9267358951045604,0.875,0.9998967368855844,0.9008679475522803,0.9112151265731923,0.8905207685313681,34.0,31.0,35.0
0.0,stage12_tcn_ae_track_calibrated,sequence_autoencoder,0.7,0.8444752835335215,0.9375,0.9999433363553943,0.8909876417667608,0.8723826984734651,0.9095925850600565,35.0,42.0,29.0
0.0,stage09_hand_physics,hand_physics,0.6,0.9325783858087321,0.8403990024937655,0.991095652173913,0.8864886941512489,0.9049245708142422,0.8680528174882554,36.0,33.0,42.0
0.0,stage09_hand_physics,hand_physics,0.7,0.8328533088957256,0.9376558603491272,0.9960856460641171,0.8852545846224265,0.864294074331746,0.9062150949131067,37.0,43.0,32.0
0.0,stage13_vae_reconstruction,vae_prior,0.1,0.994161841412643,0.75,0.9998074979546657,0.8720809207063215,0.92091328898885,0.8232485524237928,38.0,29.0,47.0
0.0,stage12_mlp_dae_track_calibrated,sequence_autoencoder,0.9,0.7746087955208881,0.9375,0.9999382258463059,0.856054397760444,0.8234761568646216,0.8886326386562664,39.0,44.0,36.0
0.0,stage12_tcn_ae_track_calibrated,sequence_autoencoder,0.3,0.9618605541465282,0.75,0.9998010346199762,0.8559302770732641,0.8983023879025697,0.8135581662439584,40.0,35.0,48.0
0.0,stage11_adsb_marginal,adsb_marginal_prior,0.8,0.7292989461281665,0.9800498753117207,0.9985659870042572,0.8546744107199435,0.8045242248832327,0.9048245965566544,41.0,47.0,33.0
0.0,stage12_tcn_ae_track_calibrated,sequence_autoencoder,0.8,0.7509690386179835,0.9375,0.9999362813814197,0.8442345193089917,0.8069283270325884,0.881540711585395,42.0,46.0,38.0
0.0,stage11_adsb_marginal,adsb_marginal_prior,0.7,0.965143680041893,0.7094763092269327,0.9844433316641629,0.8373099946344129,0.8884434687974049,0.7861765204714208,43.0,39.0,49.0
0.0,stage12_gru_ae_track_calibrated,sequence_autoencoder,0.9,0.7329281715078719,0.9375,0.9999347130639159,0.835214085753936,0.7942997200555103,0.8761284514523615,44.0,48.0,39.0
0.0,stage12_tcn_ae_track_calibrated,sequence_autoencoder,0.1,0.9779872709001292,0.6875,0.9997554055376187,0.8327436354500646,0.8908410896300905,0.7746461812700387,45.0,38.0,50.0
0.0,stage12_tcn_ae_track_calibrated,sequence_autoencoder,0.2,0.971383452170168,0.6875,0.9997537431048069,0.8294417260850839,0.8862184165191176,0.7726650356510503,46.0,40.0,51.0
0.0,stage13_vae_elbo,vae_prior,0.9,0.7112025649614777,0.9375,0.999932718831999,0.8243512824807389,0.7790917954730343,0.8696107694884433,47.0,49.0,40.0
0.0,stage13_vae_reconstruction,vae_prior,0.9,0.7109632961669139,0.9375,0.9999326961906044,0.824231648083457,0.7789243073168397,0.8695389888500742,48.0,50.0,41.0
0.0,stage09_hand_physics,hand_physics,0.8,0.6513386136021471,0.9881546134663342,0.9990461847389558,0.8197466135342406,0.7523834135614031,0.887109813507078,49.0,51.0,37.0
0.0,stage09_hand_physics,hand_physics,0.5,0.9854028932382012,0.6365336658354115,0.981004203186602,0.8109682795368063,0.8807421250173643,0.7411944340562484,50.0,41.0,52.0
0.0,stage12_tcn_ae_track_calibrated,sequence_autoencoder,0.9,0.5759199885150978,0.9375,0.99991691591891,0.7567099942575489,0.6843939919605685,0.8290259965545294,51.0,62.0,46.0
0.0,stage09_hand_physics,hand_physics,0.9,0.49348694115336783,1.0,1.0,0.7467434705766839,0.6454408588073575,0.8480460823460103,52.0,63.0,45.0
0.0,stage09_hand_physics,hand_physics,0.4,0.9991163186489495,0.3796758104738155,0.9684347439883256,0.6893960645613825,0.8132841661964092,0.5655079629263556,53.0,45.0,57.0
0.0,stage11_adsb_marginal,adsb_marginal_prior,0.6,0.9990508607710938,0.17581047381546133,0.9584890256539077,0.5874306672932776,0.752078744684404,0.4227825899021511,54.0,52.0,58.0
0.0,stage09_hand_physics,hand_physics,0.3,0.9998690842442888,0.15648379052369077,0.9575901952794408,0.5781764373839897,0.7468534961281094,0.4094993786398701,55.0,53.0,59.0
0.0,stage12_mlp_dae_clean_truth,sequence_autoencoder,0.5,0.11614107288127483,1.0,1.0,0.5580705364406374,0.38129875101689237,0.7348423218643824,56.0,64.0,53.0
0.0,stage12_gru_ae_clean_truth,sequence_autoencoder,0.5,0.08192563525864957,1.0,1.0,0.5409628176293247,0.3573479446810547,0.7245776905775948,57.0,65.0,54.0
0.0,stage11_adsb_marginal,adsb_marginal_prior,0.9,0.01809910322707338,1.0,1.0,0.5090495516135367,0.31266937225895136,0.705429730968122,58.0,66.0,55.0
0.0,stage09_hand_physics,hand_physics,0.2,1.0,0.006857855361595999,0.9504463869101316,0.5034289276807979,0.7020573566084788,0.3048004987531172,59.0,54.0,60.0
0.0,stage11_adsb_marginal,adsb_marginal_prior,0.5,0.9999672710610722,0.0006234413965087171,0.9501492722975494,0.5002953562287904,0.7001641221617031,0.30042659029587776,60.0,55.0,61.0
0.0,kalman_only,kalman_only,,1.0,0.0,0.9508675912681137,0.5,0.7,0.3,61.0,56.0,62.0
0.0,stage09_hand_physics,hand_physics,0.1,1.0,0.0,0.9501212761987686,0.5,0.7,0.3,61.0,56.0,62.0
0.0,stage11_adsb_marginal,adsb_marginal_prior,0.1,1.0,0.0,0.9501212761987686,0.5,0.7,0.3,61.0,56.0,62.0
0.0,stage11_adsb_marginal,adsb_marginal_prior,0.2,1.0,0.0,0.9501212761987686,0.5,0.7,0.3,61.0,56.0,62.0
0.0,stage11_adsb_marginal,adsb_marginal_prior,0.3,1.0,0.0,0.9501212761987686,0.5,0.7,0.3,61.0,56.0,62.0
0.0,stage11_adsb_marginal,adsb_marginal_prior,0.4,1.0,0.0,0.9501212761987686,0.5,0.7,0.3,61.0,56.0,62.0
0.0,stage12_tcn_ae_clean_truth,sequence_autoencoder,0.5,0.0,1.0,,0.5,0.3,0.7,61.0,67.0,56.0
3.0,stage12_gru_ae_track_calibrated,sequence_autoencoder,0.1,0.9884557643526427,1.0,1.0,0.9942278821763213,0.9919190350468499,0.9965367293057927,1.0,1.0,1.0
3.0,stage12_gru_ae_track_calibrated,sequence_autoencoder,0.2,0.9864368173111767,1.0,1.0,0.9932184086555884,0.9905057721178236,0.995931045193353,2.0,2.0,2.0
3.0,stage12_mlp_dae_track_calibrated,sequence_autoencoder,0.3,0.984107263032562,1.0,1.0,0.992053631516281,0.9888750841227933,0.9952321789097686,3.0,3.0,3.0
3.0,stage12_gru_ae_track_calibrated,sequence_autoencoder,0.3,0.9828648340839675,1.0,1.0,0.9914324170419837,0.9880053838587772,0.9948594502251902,4.0,4.0,4.0
3.0,stage13_vae_elbo,vae_prior,0.3,0.9818812444996635,1.0,1.0,0.9909406222498318,0.9873168711497644,0.994564373349899,5.0,5.0,5.0
3.0,stage12_mlp_dae_track_calibrated,sequence_autoencoder,0.4,0.9792410829839002,1.0,1.0,0.9896205414919501,0.98546875808873,0.99377232489517,6.0,6.0,6.0
3.0,stage12_gru_ae_track_calibrated,sequence_autoencoder,0.4,0.977170368069576,1.0,1.0,0.988585184034788,0.9840192576487032,0.9931511104208728,7.0,7.0,7.0
3.0,stage13_vae_elbo,vae_prior,0.4,0.9767562250867112,1.0,1.0,0.9883781125433556,0.9837293575606978,0.9930268675260133,8.0,8.0,8.0
3.0,stage13_vae_reconstruction,vae_prior,0.4,0.9766009214681369,1.0,1.0,0.9883004607340684,0.9836206450276959,0.992980276440441,9.0,9.0,9.0
3.0,stage12_mlp_dae_track_calibrated,sequence_autoencoder,0.5,0.9713205984366102,1.0,1.0,0.9856602992183051,0.9799244189056271,0.991396179530983,10.0,10.0,10.0
3.0,stage12_gru_ae_track_calibrated,sequence_autoencoder,0.5,0.9703887767251643,1.0,1.0,0.9851943883625822,0.9792721437076151,0.9911166330175493,11.0,11.0,11.0
3.0,stage12_tcn_ae_track_calibrated,sequence_autoencoder,0.2,0.9681627581922658,1.0,1.0,0.9840813790961329,0.9777139307345861,0.9904488274576797,12.0,12.0,12.0
3.0,stage13_vae_reconstruction,vae_prior,0.5,0.9666614898793808,1.0,1.0,0.9833307449396904,0.9766630429155665,0.9899984469638141,13.0,13.0,13.0
3.0,stage13_vae_elbo,vae_prior,0.5,0.9666097220065227,1.0,1.0,0.9833048610032613,0.9766268054045659,0.9899829166019567,14.0,14.0,14.0
3.0,stage12_tcn_ae_track_calibrated,sequence_autoencoder,0.3,0.9585339338406584,1.0,1.0,0.9792669669203292,0.9709737536884608,0.9875601801521975,15.0,15.0,15.0
3.0,stage12_gru_ae_track_calibrated,sequence_autoencoder,0.6,0.9574985763834964,1.0,1.0,0.9787492881917482,0.9702490034684474,0.9872495729150489,16.0,16.0,16.0
3.0,stage12_mlp_dae_track_calibrated,sequence_autoencoder,0.6,0.9569808976549153,1.0,1.0,0.9784904488274577,0.9698866283584406,0.9870942692964746,17.0,17.0,17.0
3.0,stage13_vae_elbo,vae_prior,0.6,0.951855878241963,1.0,1.0,0.9759279391209815,0.966299114769374,0.9855567634725888,18.0,18.0,18.0
3.0,stage13_vae_reconstruction,vae_prior,0.6,0.9514935031319564,1.0,1.0,0.9757467515659781,0.9660454521923694,0.9854480509395869,19.0,19.0,19.0
3.0,stage12_tcn_ae_track_calibrated,sequence_autoencoder,0.4,0.9448154475332609,1.0,1.0,0.9724077237666304,0.9613708132732826,0.9834446342599782,20.0,20.0,20.0
3.0,stage12_gru_ae_track_calibrated,sequence_autoencoder,0.7,0.9333747476316199,1.0,1.0,0.9666873738158099,0.9533623233421338,0.9800124242894859,21.0,21.0,21.0
3.0,stage12_mlp_dae_track_calibrated,sequence_autoencoder,0.7,0.9333747476316199,1.0,1.0,0.9666873738158099,0.9533623233421338,0.9800124242894859,21.0,21.0,21.0
3.0,stage13_vae_elbo,vae_prior,0.7,0.9250918879743232,1.0,1.0,0.9625459439871615,0.9475643215820262,0.9775275663922969,23.0,23.0,23.0
3.0,stage13_vae_reconstruction,vae_prior,0.7,0.9249365843557488,1.0,1.0,0.9624682921778744,0.947455609049024,0.9774809753067246,24.0,24.0,24.0
3.0,stage12_tcn_ae_track_calibrated,sequence_autoencoder,0.5,0.9248848164828907,1.0,1.0,0.9624424082414453,0.9474193715380235,0.9774654449448672,25.0,25.0,25.0
3.0,stage12_tcn_ae_track_calibrated,sequence_autoencoder,0.6,0.8945488429880416,1.0,1.0,0.9472744214940207,0.926184190091629,0.9683646528964125,26.0,33.0,26.0
3.0,stage12_mlp_dae_track_calibrated,sequence_autoencoder,0.8,0.88284930372211,1.0,1.0,0.941424651861055,0.9179945126054769,0.964854791116633,27.0,34.0,27.0
3.0,stage12_gru_ae_track_calibrated,sequence_autoencoder,0.8,0.882331624993529,1.0,1.0,0.9411658124967646,0.9176321374954703,0.9646994874980587,28.0,35.0,28.0
3.0,stage13_vae_reconstruction,vae_prior,0.8,0.8663353522803748,1.0,1.0,0.9331676761401875,0.9064347465962623,0.9599006056841124,29.0,36.0,29.0
3.0,stage13_vae_elbo,vae_prior,0.8,0.8654035305689289,1.0,1.0,0.9327017652844645,0.9057824713982503,0.9596210591706786,30.0,37.0,30.0
3.0,stage12_tcn_ae_track_calibrated,sequence_autoencoder,0.7,0.8492001863643422,1.0,1.0,0.9246000931821712,0.8944401304550396,0.9547600559093026,31.0,38.0,31.0
3.0,stage12_mlp_dae_track_calibrated,sequence_autoencoder,0.1,0.9895428896826629,0.8333333333333334,0.9999476878007951,0.9114381115079981,0.942680022777864,0.8801962002381323,32.0,26.0,39.0
3.0,stage13_vae_reconstruction,vae_prior,0.1,0.9884557643526427,0.8333333333333334,0.9999476302697041,0.910894548842988,0.9419190350468498,0.8798700626391261,33.0,27.0,40.0
3.0,stage13_vae_elbo,vae_prior,0.1,0.9884039964797846,0.8333333333333334,0.9999476275269719,0.9108686649065589,0.9418827975358491,0.8798545322772687,34.0,28.0,41.0
3.0,stage12_mlp_dae_track_calibrated,sequence_autoencoder,0.2,0.9877310141326293,0.8333333333333334,0.9999475918452911,0.9105321737329813,0.9414117098928405,0.8796526375731222,35.0,29.0,42.0
3.0,stage13_vae_elbo,vae_prior,0.2,0.986126210074028,0.8333333333333334,0.9999475065616797,0.9097297717036807,0.9402883470518195,0.8791711963555418,36.0,30.0,43.0
3.0,stage13_vae_reconstruction,vae_prior,0.2,0.9857638349640213,0.8333333333333334,0.999947487265662,0.9095485841486773,0.9400346844748149,0.8790624838225398,37.0,31.0,44.0
3.0,stage13_vae_reconstruction,vae_prior,0.3,0.9815188693896568,0.8333333333333334,0.9999472601656031,0.907426101361495,0.9370632085727597,0.8777889941502304,38.0,32.0,46.0
3.0,stage12_mlp_dae_track_calibrated,sequence_autoencoder,0.9,0.7664233576642335,1.0,1.0,0.8832116788321167,0.8364963503649634,0.92992700729927,39.0,44.0,32.0
3.0,stage12_tcn_ae_track_calibrated,sequence_autoencoder,0.8,0.7662680540456592,1.0,1.0,0.8831340270228296,0.8363876378319615,0.9298804162136978,40.0,45.0,33.0
3.0,stage12_gru_ae_track_calibrated,sequence_autoencoder,0.9,0.7483563700367551,1.0,1.0,0.8741781850183776,0.8238494590257286,0.9245069110110264,41.0,46.0,34.0
3.0,stage13_vae_reconstruction,vae_prior,0.9,0.7270797742920744,1.0,1.0,0.8635398871460371,0.808955842004452,0.9181239322876222,42.0,47.0,35.0
3.0,stage13_vae_elbo,vae_prior,0.9,0.722938344463426,1.0,1.0,0.8614691722317129,0.8060568411243982,0.9168815033390277,43.0,48.0,36.0
3.0,stage09_hand_physics,hand_physics,0.7,0.8193083486598125,0.9028831562974203,0.9976503414347603,0.8610957524786165,0.8443807909510948,0.877810714006138,44.0,43.0,45.0
3.0,stage09_hand_physics,hand_physics,0.6,0.9273675641450839,0.7663125948406677,0.9950181159420289,0.8468400794928759,0.879051073353759,0.8146290856319924,45.0,40.0,49.0
3.0,stage11_adsb_marginal,adsb_marginal_prior,0.8,0.6934302167817409,0.9711684370257967,0.9991745590407507,0.8322993269037688,0.7767516828549577,0.8878469709525799,46.0,50.0,37.0
3.0,stage12_tcn_ae_track_calibrated,sequence_autoencoder,0.1,0.9748408137909613,0.6666666666666667,0.9998938034301492,0.8207537402288141,0.8823885696536728,0.7591189108039551,47.0,39.0,50.0
3.0,stage12_tcn_ae_track_calibrated,sequence_autoencoder,0.9,0.6103949888699073,1.0,1.0,0.8051974944349536,0.7272764922089351,0.8831184966609722,48.0,53.0,38.0
3.0,stage11_adsb_marginal,adsb_marginal_prior,0.7,0.9653872825398739,0.6206373292867982,0.992252626359664,0.793012305913336,0.8619622965639511,0.7240623152627208,49.0,41.0,53.0
3.0,stage09_hand_physics,hand_physics,0.8,0.5980040401604004,0.9787556904400607,0.9992946392583636,0.7883798653002305,0.7122295352442984,0.8645301953561626,50.0,54.0,47.0
3.0,stage09_hand_physics,hand_physics,0.5,0.9843519160611451,0.5523520485584219,0.9910451385726862,0.7683519823097835,0.854751955810328,0.6819520088092388,51.0,42.0,56.0
3.0,stage09_hand_physics,hand_physics,0.9,0.3954533120270148,1.0,1.0,0.6977266560135074,0.5768173184189103,0.8186359936081044,52.0,63.0,48.0
3.0,stage09_hand_physics,hand_physics,0.4,0.9981608225042964,0.2959028831562974,0.9861781352397975,0.647031852830297,0.7874834406998966,0.5065802649606971,53.0,49.0,57.0
3.0,stage12_mlp_dae_clean_truth,sequence_autoencoder,0.5,0.13904850649686804,1.0,1.0,0.569524253248434,0.3973339545478076,0.7417145519490603,54.0,64.0,51.0
3.0,stage11_adsb_marginal,adsb_marginal_prior,0.6,0.998733681068532,0.12443095599393017,0.9828793543409887,0.5615823185312311,0.7364428635461514,0.3867217735163107,55.0,51.0,58.0
3.0,stage09_hand_physics,hand_physics,0.3,0.9998492477462538,0.11684370257966614,0.9827524893314367,0.55834647516296,0.7349475841962775,0.38174536612964244,56.0,52.0,59.0
3.0,stage12_gru_ae_clean_truth,sequence_autoencoder,0.5,0.09287156390743904,1.0,1.0,0.5464357819537196,0.3650100947352073,0.7278614691722317,57.0,65.0,52.0
3.0,stage11_adsb_marginal,adsb_marginal_prior,0.9,0.01625109295383966,1.0,1.0,0.5081255464769199,0.31137576506768777,0.7048753278861518,58.0,66.0,54.0
3.0,stage09_hand_physics,hand_physics,0.2,1.0,0.0015174506828528056,0.9805469327420547,0.5007587253414264,0.7004552352048558,0.30106221547799694,59.0,55.0,60.0
3.0,kalman_only,kalman_only,,1.0,0.0,0.9807248861822266,0.5,0.7,0.3,60.0,56.0,61.0
3.0,stage09_hand_physics,hand_physics,0.1,1.0,0.0,0.9805179447762077,0.5,0.7,0.3,60.0,56.0,61.0
3.0,stage11_adsb_marginal,adsb_marginal_prior,0.1,1.0,0.0,0.9805179447762077,0.5,0.7,0.3,60.0,56.0,61.0
3.0,stage11_adsb_marginal,adsb_marginal_prior,0.2,1.0,0.0,0.9805179447762077,0.5,0.7,0.3,60.0,56.0,61.0
3.0,stage11_adsb_marginal,adsb_marginal_prior,0.3,1.0,0.0,0.9805179447762077,0.5,0.7,0.3,60.0,56.0,61.0
3.0,stage11_adsb_marginal,adsb_marginal_prior,0.4,1.0,0.0,0.9805179447762077,0.5,0.7,0.3,60.0,56.0,61.0
3.0,stage11_adsb_marginal,adsb_marginal_prior,0.5,1.0,0.0,0.9805179447762077,0.5,0.7,0.3,60.0,56.0,61.0
3.0,stage12_tcn_ae_clean_truth,sequence_autoencoder,0.5,0.0,1.0,,0.5,0.3,0.7,60.0,67.0,55.0
6.0,stage12_mlp_dae_track_calibrated,sequence_autoencoder,0.1,0.9895556628833615,1.0,1.0,0.9947778314416807,0.9926889640183529,0.9968666988650083,1.0,1.0,1.0
6.0,stage13_vae_elbo,vae_prior,0.1,0.9890726877565805,1.0,1.0,0.9945363438782903,0.9923508814296063,0.996721806326974,2.0,2.0,2.0
6.0,stage13_vae_reconstruction,vae_prior,0.1,0.9889519439748853,1.0,1.0,0.9944759719874426,0.9922663607824196,0.9966855831924655,3.0,3.0,3.0
6.0,stage12_mlp_dae_track_calibrated,sequence_autoencoder,0.2,0.9874426467036947,1.0,1.0,0.9937213233518474,0.9912098526925863,0.9962327940111084,4.0,4.0,4.0
6.0,stage12_gru_ae_track_calibrated,sequence_autoencoder,0.2,0.9866578121226757,1.0,1.0,0.9933289060613378,0.9906604684858729,0.9959973436368026,5.0,5.0,5.0
6.0,stage13_vae_elbo,vae_prior,0.2,0.9855711180874185,1.0,1.0,0.9927855590437092,0.9898997826611928,0.9956713354262254,6.0,6.0,6.0
6.0,stage13_vae_reconstruction,vae_prior,0.2,0.9855711180874185,1.0,1.0,0.9927855590437092,0.9898997826611928,0.9956713354262254,6.0,6.0,6.0
6.0,stage12_mlp_dae_track_calibrated,sequence_autoencoder,0.3,0.9838807051436851,1.0,1.0,0.9919403525718425,0.9887164936005794,0.9951642115431054,8.0,8.0,8.0
6.0,stage12_gru_ae_track_calibrated,sequence_autoencoder,0.3,0.982612895435885,1.0,1.0,0.9913064477179425,0.9878290268051195,0.9947838686307655,9.0,9.0,9.0
6.0,stage13_vae_elbo,vae_prior,0.3,0.9812847138372374,1.0,1.0,0.9906423569186187,0.9868992996860662,0.9943854141511712,10.0,10.0,10.0
6.0,stage13_vae_reconstruction,vae_prior,0.3,0.9812847138372374,1.0,1.0,0.9906423569186187,0.9868992996860662,0.9943854141511712,10.0,10.0,10.0
6.0,stage12_mlp_dae_track_calibrated,sequence_autoencoder,0.4,0.9785679787490944,1.0,1.0,0.9892839893745472,0.984997585124366,0.9935703936247282,12.0,12.0,12.0
6.0,stage12_gru_ae_track_calibrated,sequence_autoencoder,0.4,0.9782057474040087,1.0,1.0,0.9891028737020043,0.984744023182806,0.9934617242212025,13.0,13.0,13.0
6.0,stage13_vae_reconstruction,vae_prior,0.4,0.9762134750060372,1.0,1.0,0.9881067375030186,0.983349432504226,0.9928640425018112,14.0,14.0,14.0
6.0,stage13_vae_elbo,vae_prior,0.4,0.9761531031151895,1.0,1.0,0.9880765515575948,0.9833071721806326,0.9928459309345568,15.0,15.0,15.0
6.0,stage12_gru_ae_track_calibrated,sequence_autoencoder,0.5,0.9713837237382275,1.0,1.0,0.9856918618691137,0.9799686066167592,0.9914151171214682,16.0,16.0,16.0
6.0,stage12_mlp_dae_track_calibrated,sequence_autoencoder,0.5,0.971142236174837,1.0,1.0,0.9855711180874185,0.9797995653223859,0.9913426708524511,17.0,17.0,17.0
6.0,stage13_vae_elbo,vae_prior,0.5,0.9690292199951702,1.0,1.0,0.9845146099975851,0.978320453996619,0.990708765998551,18.0,18.0,18.0
6.0,stage13_vae_reconstruction,vae_prior,0.5,0.968425501086694,1.0,1.0,0.984212750543347,0.9778978507606857,0.9905276503260081,19.0,19.0,19.0
6.0,stage12_tcn_ae_track_calibrated,sequence_autoencoder,0.3,0.9666143443612654,1.0,1.0,0.9833071721806327,0.9766300410528856,0.9899843033083795,20.0,20.0,20.0
6.0,stage12_gru_ae_track_calibrated,sequence_autoencoder,0.6,0.9600941801497223,1.0,1.0,0.9800470900748611,0.9720659261048055,0.9880282540449166,21.0,21.0,21.0
6.0,stage12_mlp_dae_track_calibrated,sequence_autoencoder,0.6,0.9588263704419222,1.0,1.0,0.9794131852209611,0.9711784593093455,0.9876479111325767,22.0,22.0,22.0
6.0,stage13_vae_elbo,vae_prior,0.6,0.9555662883361506,1.0,1.0,0.9777831441680753,0.9688964018353055,0.9866698865008452,23.0,23.0,23.0
6.0,stage13_vae_reconstruction,vae_prior,0.6,0.9555662883361506,1.0,1.0,0.9777831441680753,0.9688964018353055,0.9866698865008452,23.0,23.0,23.0
6.0,stage12_tcn_ae_track_calibrated,sequence_autoencoder,0.4,0.954721081864284,1.0,1.0,0.977360540932142,0.9683047573049988,0.9864163245592852,25.0,25.0,25.0
6.0,stage12_tcn_ae_track_calibrated,sequence_autoencoder,0.5,0.9387829026805119,1.0,1.0,0.969391451340256,0.9571480318763583,0.9816348708041536,26.0,26.0,26.0
6.0,stage12_gru_ae_track_calibrated,sequence_autoencoder,0.7,0.9381791837720357,1.0,1.0,0.9690895918860178,0.956725428640425,0.9814537551316107,27.0,27.0,27.0
6.0,stage12_mlp_dae_track_calibrated,sequence_autoencoder,0.7,0.9347379859937214,1.0,1.0,0.9673689929968607,0.954316590195605,0.9804213957981164,28.0,28.0,28.0
6.0,stage13_vae_elbo,vae_prior,0.7,0.9315986476696451,1.0,1.0,0.9657993238348226,0.9521190533687516,0.9794795943008935,29.0,29.0,29.0
6.0,stage13_vae_reconstruction,vae_prior,0.7,0.9315382757787974,1.0,1.0,0.9657691378893987,0.9520767930451581,0.9794614827336392,30.0,30.0,30.0
6.0,stage12_tcn_ae_track_calibrated,sequence_autoencoder,0.6,0.9132455928519682,1.0,1.0,0.9566227964259841,0.9392719149963777,0.9739736778555904,31.0,31.0,31.0
6.0,stage12_gru_ae_track_calibrated,sequence_autoencoder,0.8,0.8935643564356436,1.0,1.0,0.9467821782178218,0.9254950495049505,0.968069306930693,32.0,32.0,32.0
6.0,stage12_mlp_dae_track_calibrated,sequence_autoencoder,0.8,0.8877082830234243,1.0,1.0,0.9438541415117121,0.9213957981163969,0.9663124849070273,33.0,33.0,33.0
6.0,stage13_vae_reconstruction,vae_prior,0.8,0.8809466312484907,1.0,1.0,0.9404733156242453,0.9166626418739434,0.9642839893745472,34.0,34.0,34.0
6.0,stage13_vae_elbo,vae_prior,0.8,0.880101424776624,1.0,1.0,0.940050712388312,0.9160709973436367,0.9640304274329872,35.0,35.0,35.0
6.0,stage12_tcn_ae_track_calibrated,sequence_autoencoder,0.7,0.8727964259840618,1.0,1.0,0.936398212992031,0.9109574981888433,0.9618389277952185,36.0,36.0,36.0
6.0,stage12_tcn_ae_track_calibrated,sequence_autoencoder,0.8,0.8051195363438783,1.0,1.0,0.9025597681719392,0.8635836754407147,0.9415358609031634,37.0,38.0,37.0
6.0,stage12_mlp_dae_track_calibrated,sequence_autoencoder,0.9,0.7760202849553248,1.0,1.0,0.8880101424776624,0.8432141994687272,0.9328060854865974,38.0,40.0,38.0
6.0,stage12_gru_ae_track_calibrated,sequence_autoencoder,0.9,0.7756580536102391,1.0,1.0,0.8878290268051195,0.8429606375271672,0.9326974160830717,39.0,41.0,39.0
6.0,stage13_vae_reconstruction,vae_prior,0.9,0.7577879739193432,1.0,1.0,0.8788939869596716,0.8304515817435401,0.9273363921758029,40.0,44.0,40.0
6.0,stage13_vae_elbo,vae_prior,0.9,0.7506640907993238,1.0,1.0,0.8753320453996619,0.8254648635595265,0.9251992272397971,41.0,45.0,41.0
6.0,stage09_hand_physics,hand_physics,0.7,0.8165418759675228,0.864963503649635,0.9985704902831974,0.8407526898085789,0.8310683642721565,0.8504370153450014,42.0,42.0,45.0
6.0,stage12_tcn_ae_track_calibrated,sequence_autoencoder,0.9,0.667411253320454,1.0,1.0,0.833705626660227,0.7671878773243177,0.9002233759961362,43.0,47.0,42.0
6.0,stage09_hand_physics,hand_physics,0.6,0.9246832843648312,0.7299270072992701,0.9974781038067001,0.8273051458320506,0.8662564012451628,0.7883538904189383,44.0,37.0,47.0
6.0,stage11_adsb_marginal,adsb_marginal_prior,0.8,0.6886866963636938,0.9598540145985401,0.9994956441999083,0.824270355481117,0.7700368918341477,0.8785038191280863,45.0,46.0,43.0
6.0,stage11_adsb_marginal,adsb_marginal_prior,0.7,0.962878716077465,0.5985401459854014,0.9964038184909114,0.7807094310314332,0.8535771450498459,0.7078417170130205,46.0,39.0,50.0
6.0,stage09_hand_physics,hand_physics,0.8,0.5832306574416327,0.9671532846715328,0.9995127233351381,0.7751919710565828,0.6984074456106028,0.8519764965025628,47.0,59.0,44.0
6.0,stage09_hand_physics,hand_physics,0.5,0.9818342653145041,0.4781021897810219,0.9954197495275616,0.729968227547763,0.8307146426544594,0.6292218124410665,48.0,43.0,53.0
6.0,stage09_hand_physics,hand_physics,0.9,0.3533946229425331,1.0,1.0,0.6766973114712665,0.5473762360597731,0.8060183868827598,49.0,63.0,46.0
6.0,stage09_hand_physics,hand_physics,0.4,0.9968091492117651,0.22627737226277367,0.9933257776098728,0.6115432607372694,0.7656496161270676,0.4574369053474711,50.0,48.0,54.0
6.0,stage12_mlp_dae_clean_truth,sequence_autoencoder,0.5,0.18177976334218787,1.0,1.0,0.5908898816710939,0.4272458343395315,0.7545339290026564,51.0,64.0,48.0
6.0,stage11_adsb_marginal,adsb_marginal_prior,0.6,0.9979464821659875,0.12773722627737227,0.9924906525905678,0.5628418542216799,0.736883705399403,0.3888000030439568,52.0,49.0,55.0
6.0,stage12_gru_ae_clean_truth,sequence_autoencoder,0.5,0.12406423569186187,1.0,1.0,0.5620321178459309,0.3868449649843033,0.7372192707075585,53.0,65.0,49.0
6.0,stage09_hand_physics,hand_physics,0.3,0.9997472593435062,0.07299270072992703,0.9920373679425687,0.5363699800367165,0.7217208917594323,0.35101906831400076,54.0,50.0,56.0
6.0,stage11_adsb_marginal,adsb_marginal_prior,0.9,0.017059994313335228,1.0,1.0,0.5085299971566676,0.31194199601933464,0.7051179982940006,55.0,66.0,51.0
6.0,stage09_hand_physics,hand_physics,0.2,1.0,0.007299270072992692,0.9914800313234142,0.5036496350364963,0.7021897810218978,0.30510948905109486,56.0,51.0,57.0
6.0,kalman_only,kalman_only,,1.0,0.0,0.9903843142168071,0.5,0.7,0.3,57.0,52.0,58.0
6.0,stage09_hand_physics,hand_physics,0.1,1.0,0.0,0.9914179221348701,0.5,0.7,0.3,57.0,52.0,58.0
6.0,stage11_adsb_marginal,adsb_marginal_prior,0.1,1.0,0.0,0.9914179221348701,0.5,0.7,0.3,57.0,52.0,58.0
6.0,stage11_adsb_marginal,adsb_marginal_prior,0.2,1.0,0.0,0.9914179221348701,0.5,0.7,0.3,57.0,52.0,58.0
6.0,stage11_adsb_marginal,adsb_marginal_prior,0.3,1.0,0.0,0.9914179221348701,0.5,0.7,0.3,57.0,52.0,58.0
6.0,stage11_adsb_marginal,adsb_marginal_prior,0.4,1.0,0.0,0.9914179221348701,0.5,0.7,0.3,57.0,52.0,58.0
6.0,stage11_adsb_marginal,adsb_marginal_prior,0.5,1.0,0.0,0.9914179221348701,0.5,0.7,0.3,57.0,52.0,58.0
6.0,stage12_tcn_ae_clean_truth,sequence_autoencoder,0.5,0.0,1.0,,0.5,0.3,0.7,57.0,67.0,52.0
6.0,stage12_gru_ae_track_calibrated,sequence_autoencoder,0.1,0.989314175319971,0.0,0.9999389797412741,0.4946570876599855,0.6925199227239797,0.2967942525959913,65.0,60.0,65.0
6.0,stage12_tcn_ae_track_calibrated,sequence_autoencoder,0.1,0.9793528133301135,0.0,0.9999383591197682,0.48967640666505674,0.6855469693310794,0.29380584399903403,66.0,61.0,66.0
6.0,stage12_tcn_ae_track_calibrated,sequence_autoencoder,0.2,0.9744023182806085,0.0,0.9999380459698903,0.48720115914030426,0.6820816227964259,0.29232069548418255,67.0,62.0,67.0
9.0,stage09_hand_physics,hand_physics,0.7,0.8184578679102049,0.8653846153846154,0.9993820348708894,0.8419212416474102,0.8325358921525281,0.8513065911422921,1.0,3.0,2.0
9.0,stage11_adsb_marginal,adsb_marginal_prior,0.8,0.6964537468821169,0.9519230769230769,0.9997405427844949,0.8241884119025968,0.7730945458944048,0.8752822779107889,2.0,5.0,1.0
9.0,stage09_hand_physics,hand_physics,0.6,0.9211943751581535,0.7115384615384616,0.9988241288754752,0.8163664183483075,0.8582976010722458,0.7744352356243691,3.0,1.0,5.0
9.0,stage09_hand_physics,hand_physics,0.8,0.5750280157611249,0.9615384615384616,0.9997486015963799,0.7682832386497933,0.6909811494943259,0.8455853278052605,4.0,17.0,3.0
9.0,stage11_adsb_marginal,adsb_marginal_prior,0.7,0.9608140837942378,0.5576923076923077,0.9982723004694836,0.7592531957432728,0.8398775509636587,0.6786288405228867,5.0,2.0,7.0
9.0,stage09_hand_physics,hand_physics,0.5,0.9763583125474461,0.42307692307692313,0.9977834423140862,0.6997176178121847,0.8103738957062891,0.58906133991808,6.0,4.0,8.0
9.0,stage09_hand_physics,hand_physics,0.9,0.3427321693236453,1.0,1.0,0.6713660846618227,0.5399125185265516,0.8028196507970935,7.0,18.0,4.0
9.0,stage09_hand_physics,hand_physics,0.4,0.99515598452807,0.24038461538461542,0.9971385105766445,0.6177702999563427,0.7687245737850336,0.4668160261276518,8.0,6.0,9.0
9.0,stage11_adsb_marginal,adsb_marginal_prior,0.6,0.9968911542493584,0.125,0.9967110018794275,0.5609455771246792,0.7353238079745508,0.3865673462748075,9.0,7.0,10.0
9.0,stage09_hand_physics,hand_physics,0.3,0.9992770126161299,0.06730769230769229,0.9965032444124009,0.5332923524619111,0.7196862165235987,0.3468984884002236,10.0,8.0,11.0
9.0,stage11_adsb_marginal,adsb_marginal_prior,0.9,0.01865307450384991,1.0,1.0,0.509326537251925,0.3130571521526949,0.705595922351155,11.0,19.0,6.0
9.0,kalman_only,kalman_only,,1.0,0.0,0.9940216804119999,0.5,0.7,0.3,12.0,9.0,12.0
9.0,stage09_hand_physics,hand_physics,0.1,1.0,0.0,0.9962545467641445,0.5,0.7,0.3,12.0,9.0,12.0
9.0,stage11_adsb_marginal,adsb_marginal_prior,0.1,1.0,0.0,0.9962545467641445,0.5,0.7,0.3,12.0,9.0,12.0
9.0,stage11_adsb_marginal,adsb_marginal_prior,0.2,1.0,0.0,0.9962545467641445,0.5,0.7,0.3,12.0,9.0,12.0
9.0,stage11_adsb_marginal,adsb_marginal_prior,0.3,1.0,0.0,0.9962545467641445,0.5,0.7,0.3,12.0,9.0,12.0
9.0,stage11_adsb_marginal,adsb_marginal_prior,0.4,1.0,0.0,0.9962545467641445,0.5,0.7,0.3,12.0,9.0,12.0
9.0,stage09_hand_physics,hand_physics,0.2,0.9999638506308065,0.0,0.9962544118706331,0.49998192531540325,0.6999746954415645,0.29998915518924196,18.0,15.0,18.0
9.0,stage11_adsb_marginal,adsb_marginal_prior,0.5,0.9999638506308065,0.0,0.9962544118706331,0.49998192531540325,0.6999746954415645,0.29998915518924196,18.0,15.0,18.0
12.0,stage09_hand_physics,hand_physics,0.7,0.8166455058885338,0.8775510204081632,0.9996784393590225,0.8470982631483486,0.8349171602444225,0.8592793660522744,1.0,1.0,3.0
12.0,stage11_adsb_marginal,adsb_marginal_prior,0.8,0.716124512937262,0.9591836734693877,0.9998777431383337,0.8376540932033248,0.7890422610968997,0.88626592530975,2.0,5.0,1.0
12.0,stage09_hand_physics,hand_physics,0.8,0.5862703034017775,0.9795918367346939,0.9999253285543608,0.7829310700682357,0.7042667634016524,0.8615953767348189,3.0,9.0,2.0
12.0,stage09_hand_physics,hand_physics,0.6,0.9153277001882579,0.6122448979591837,0.9990920386122527,0.7637862990737208,0.8244028595195356,0.7031697386279059,4.0,2.0,6.0
12.0,stage11_adsb_marginal,adsb_marginal_prior,0.7,0.9581892211374283,0.4897959183673469,0.9988590205832687,0.7239925697523877,0.8176712303064039,0.6303139091983713,5.0,3.0,7.0
12.0,stage09_hand_physics,hand_physics,0.5,0.9712359353793617,0.3877551020408163,0.9986495003151166,0.6794955187100891,0.796191685377798,0.56279935204238,6.0,4.0,8.0
12.0,stage09_hand_physics,hand_physics,0.9,0.3413160544634648,1.0,1.0,0.6706580272317324,0.5389212381244253,0.8023948163390394,7.0,18.0,4.0
12.0,stage09_hand_physics,hand_physics,0.4,0.9923821198721597,0.12244897959183676,0.9981065609863496,0.5574155497319982,0.7314021777880628,0.3834289216759337,8.0,6.0,9.0
12.0,stage09_hand_physics,hand_physics,0.3,0.999211943435051,0.04081632653061229,0.9979449059903804,0.5200141349828317,0.7116932583637194,0.3283350116019439,9.0,7.0,10.0
12.0,stage11_adsb_marginal,adsb_marginal_prior,0.6,0.9957532507333304,0.04081632653061229,0.9979377824579878,0.5182847886319714,0.7092721734725149,0.3272974037914277,10.0,8.0,11.0
12.0,stage11_adsb_marginal,adsb_marginal_prior,0.9,0.022853640383520862,1.0,1.0,0.5114268201917604,0.3159975482684646,0.7068560921150562,11.0,19.0,5.0
12.0,kalman_only,kalman_only,,1.0,0.0,0.9945827872433377,0.5,0.7,0.3,12.0,10.0,12.0
12.0,stage09_hand_physics,hand_physics,0.1,1.0,0.0,0.9978593272171253,0.5,0.7,0.3,12.0,10.0,12.0
12.0,stage09_hand_physics,hand_physics,0.2,1.0,0.0,0.9978593272171253,0.5,0.7,0.3,12.0,10.0,12.0
12.0,stage11_adsb_marginal,adsb_marginal_prior,0.1,1.0,0.0,0.9978593272171253,0.5,0.7,0.3,12.0,10.0,12.0
12.0,stage11_adsb_marginal,adsb_marginal_prior,0.2,1.0,0.0,0.9978593272171253,0.5,0.7,0.3,12.0,10.0,12.0
12.0,stage11_adsb_marginal,adsb_marginal_prior,0.3,1.0,0.0,0.9978593272171253,0.5,0.7,0.3,12.0,10.0,12.0
12.0,stage11_adsb_marginal,adsb_marginal_prior,0.4,1.0,0.0,0.9978593272171253,0.5,0.7,0.3,12.0,10.0,12.0
12.0,stage11_adsb_marginal,adsb_marginal_prior,0.5,1.0,0.0,0.9978593272171253,0.5,0.7,0.3,12.0,10.0,12.0
